,id,Nome,gender,Carrinho
0,1,Garey,Female,543
1,2,Wells,Female,1983
2,3,Waite,Female,1223
3,4,Avivah,Female,1502
4,5,Natalie,Male,1473
5,6,Cyb,Male,1487
6,7,Erda,Female,709
7,8,Onfre,Male,54
8,9,Zelig,Agender,1260
9,10,Joline,Female,1402
10,11,Sawyere,Genderqueer,1338
11,12,Zondra,Female,1209
12,13,Lorna,Genderfluid,1325
13,14,Bear,Male,1516
14,15,Roby,Female,808
15,16,Thorpe,Female,1531
16,17,Udall,Female,996
17,18,Tamqrah,Female,655
18,19,Griswold,Female,618
19,20,Noni,Female,238
20,21,Guthry,Female,1964
21,22,Pavla,Male,377
22,23,Tobi,Genderqueer,1072
23,24,Jessamine,Male,1291
24,25,Marcia,Female,1106
25,26,Isabeau,Male,1655
26,27,Minny,Male,269
27,28,Ruthe,Female,1114
28,29,Lorant,Female,141
29,30,Woodman,Male,1437
30,31,Lacie,Female,2651
31,32,Susy,Female,75
32,33,Linnell,Female,1723
33,34,Doris,Male,2631
34,35,Charity,Female,2534
35,36,Osborne,Male,419
36,37,Gerri,Female,1456
37,38,Robina,Female,773
38,39,Faustina,Female,640
39,40,Brewer,Female,108
40,41,Jack,Male,872
41,42,Almeria,Female,420
42,43,Sybil,Male,980
43,44,Sol,Male,878
44,45,Ellerey,Male,1846
45,46,Trevar,Polygender,8
46,47,Genia,Female,76
47,48,Orin,Polygender,84
48,49,Ursuline,Female,1108
49,50,Cory,Female,1887
50,51,Casi,Male,427
51,52,Read,Male,1302
52,53,Theodoric,Female,2762
53,54,Celesta,Female,1399
54,55,Valencia,Female,811
55,56,Valentia,Non-binary,1934
56,57,Berky,Female,1750
57,58,Venita,Male,1841
58,59,Jacynth,Female,1532
59,60,Angeli,Male,642
60,61,Ernestine,Female,1324
61,62,Jordana,Female,1117
62,63,Cathrine,Female,1832
63,64,Hobard,Female,2788
64,65,Roxi,Female,1779
65,66,Brear,Female,293
66,67,Tamarra,Male,2866
67,68,Raphael,Female,1688
68,69,Tracey,Female,334
69,70,Pooh,Female,1880
70,71,Pooh,Female,436
71,72,Mata,Male,2932
72,73,Germain,Male,877
73,74,Glory,Male,1800
74,75,Kerby,Male,2995
75,76,Georgi,Female,2784
76,77,Jacky,Male,1728
77,78,Micki,Male,899
78,79,Bogart,Female,531
79,80,Lizbeth,Non-binary,1764
80,81,Antony,Male,1231
81,82,Monro,Agender,1262
82,83,Clotilda,Female,723
83,84,Reggi,Genderqueer,1561
84,85,Sandi,Male,2906
85,86,Guendolen,Female,636
86,87,Marcella,Female,1609
87,88,Miles,Female,156
88,89,Randie,Female,1453
89,90,Coralyn,Female,750
90,91,Bertine,Male,1486
91,92,Dianna,Female,2639
92,93,Tildy,Male,199
93,94,Giralda,Female,433
94,95,Colver,Male,1096
95,96,Stan,Female,887
96,97,Milena,Female,536
97,98,Evelyn,Male,470
98,99,Abbye,Female,159
99,100,Robenia,Female,2501
100,101,Di,Male,579
101,102,Miner,Female,1171
102,103,Axel,Male,505
103,104,Lalo,Female,1576
104,105,Kevan,Bigender,1813
105,106,Umberto,Female,402
106,107,Byram,Male,197
107,108,Arch,Male,599
108,109,Karlee,Male,302
109,110,Jacintha,Female,189
110,111,Jewel,Male,1689
111,112,Gearalt,Female,1575
112,113,Ryan,Female,1968
113,114,Quentin,Female,189
114,115,Pippa,Female,998
115,116,Creight,Male,1555
116,117,Lorine,Female,742
117,118,Deena,Male,1966
118,119,Glynnis,Male,1373
119,120,Shalom,Male,1889
120,121,Ahmed,Non-binary,1213
121,122,Rollie,Male,427
122,123,Abran,Female,1996
123,124,Leia,Male,547
124,125,Lisbeth,Male,1304
125,126,Lelia,Male,2800
126,127,Jsandye,Non-binary,1975
127,128,Rene,Male,5893
128,129,Stella,Female,249
129,130,Juliette,Bigender,1005
130,131,Zitella,Male,2556
131,132,Andria,Male,1970
132,133,Dylan,Female,6
133,134,Maurizia,Male,371
134,135,Honor,Male,1503
135,136,Ephraim,Female,1448
136,137,Claresta,Male,719
137,138,Link,Female,2507
138,139,Ingrid,Male,1796
139,140,Colas,Male,1966
140,141,Shannon,Female,5692
141,142,Hube,Genderqueer,1745
142,143,Rochette,Male,785
143,144,Eleen,Female,1423
144,145,Reinaldo,Male,1941
145,146,Marji,Male,2778
146,147,Salvidor,Male,1638
147,148,Evered,Female,5004
148,149,Bartlett,Male,640
149,150,Bellanca,Female,1171
150,151,Missie,Female,1424
151,152,Margret,Female,1162
152,153,Tarra,Non-binary,1593
153,154,Washington,Male,56
154,155,Maisey,Female,955
155,156,Corty,Female,1643
156,157,Christabella,Male,1140
157,158,Chrissie,Female,1759
158,159,Arch,Male,581
159,160,Joanne,Male,1247
160,161,Tripp,Male,1654
161,162,Barbette,Male,917
162,163,Trenna,Female,1356
163,164,Allix,Male,1033
164,165,Forester,Male,2553
165,166,Bron,Male,1316
166,167,Louisette,Female,2807
167,168,Jaquith,Female,2916
168,169,Tildy,Female,127
169,170,Berna,Male,1446
170,171,Daisie,Male,1602
171,172,Lilah,Female,1944
172,173,Erhart,Male,628
173,174,Carmina,Male,1506
174,175,Leonhard,Female,130
175,176,Vivien,Female,142
176,177,Orville,Female,1129
177,178,Theresita,Male,1868
178,179,Avery,Female,90
179,180,Orelie,Male,2719
180,181,Kendal,Female,1861
181,182,Nicolle,Female,1191
182,183,Ajay,Female,2957
183,184,Darill,Male,1148
184,185,Arther,Male,941
185,186,Vidovik,Female,486
186,187,Simmonds,Male,147
187,188,Kathryne,Male,570
188,189,Pansy,Female,488
189,190,Etan,Female,537
190,191,Daphne,Female,921
191,192,Sidonnie,Female,679
192,193,Frieda,Male,223
193,194,Merrel,Female,901
194,195,Loraine,Agender,56
195,196,Bette,Male,229
196,197,Melodee,Male,71
197,198,Israel,Female,1044
198,199,Willi,Female,1812
199,200,Tabatha,Female,677
200,201,Prescott,Male,629
201,202,Merilyn,Female,419
202,203,Ralf,Male,196
203,204,Carmelita,Female,416
204,205,Gwendolen,Female,137
205,206,Haily,Male,87
206,207,Hollis,Male,841
207,208,Joelie,Female,1799
208,209,Francyne,Genderqueer,1149
209,210,Dot,Male,1764
210,211,Bo,Genderqueer,2954
211,212,Lyndsie,Male,1157
212,213,Kelley,Female,859
213,214,Norma,Female,1082
214,215,Clarence,Male,327
215,216,Lanny,Female,1105
216,217,Tallia,Female,1671
217,218,Wandie,Female,1864
218,219,Tybalt,Male,76
219,220,Aprilette,Female,1316
220,221,Giulio,Male,1682
221,222,Peta,Male,1460
222,223,Harv,Male,1503
223,224,Svend,Polygender,1283
224,225,Leanna,Male,302
225,226,Weylin,Female,695
226,227,Gib,Female,271
227,228,Alvinia,Agender,1240
228,229,Brinn,Male,1416
229,230,Even,Male,2511
230,231,Germayne,Female,1436
231,232,Kippie,Female,584
232,233,Scott,Male,1993
233,234,Nani,Male,934
234,235,Jamal,Female,1664
235,236,Carmella,Male,1577
236,237,Addy,Bigender,171
237,238,Karylin,Female,527
238,239,Toddy,Male,790
239,240,Kalinda,Female,563
240,241,Haskell,Male,74
241,242,Marlo,Male,1423
242,243,Thia,Non-binary,1358
243,244,Felicia,Female,749
244,245,Doloritas,Female,106
245,246,Bink,Male,1286
246,247,Ned,Genderfluid,702
247,248,Murdock,Female,1724
248,249,Annadiana,Female,1451
249,250,Doretta,Female,684
250,251,Luciano,Male,1917
251,252,Roscoe,Female,81
252,253,Rowe,Non-binary,1868
253,254,Stefania,Male,1823
254,255,Kimbell,Male,896
255,256,Natividad,Male,1589
256,257,Emlyn,Male,1818
257,258,Alisha,Female,1131
258,259,Clarabelle,Female,1048
259,260,Warner,Female,1831
260,261,Ami,Male,622
261,262,Eba,Agender,1785
262,263,See,Genderqueer,944
263,264,Ewell,Male,650
264,265,Emelina,Female,668
265,266,Arv,Female,80
266,267,Edythe,Female,390
267,268,Perla,Female,384
268,269,Hilarius,Female,6
269,270,Araldo,Female,1489
270,271,Michel,Female,1135
271,272,Elwin,Female,1907
272,273,Robbyn,Male,548
273,274,Averil,Male,2687
274,275,Bartie,Male,710
275,276,Paxon,Female,1469
276,277,Winfred,Male,1761
277,278,David,Female,1761
278,279,Cristine,Female,1843
279,280,Barbee,Female,1398
280,281,Krystal,Male,1838
281,282,Rosamond,Male,838
282,283,Abdel,Female,1367
283,284,Nickolaus,Female,1421
284,285,Illa,Female,1574
285,286,Judas,Male,179
286,287,Gizela,Male,1706
287,288,Katerine,Male,657
288,289,Dar,Male,1295
289,290,Monty,Female,907
290,291,Iosep,Male,1618
291,292,Cazzie,Female,587
292,293,Mordy,Male,461
293,294,Rebekkah,Agender,1134
294,295,Massimiliano,Female,1852
295,296,Donny,Male,422
296,297,Becka,Female,2731
297,298,Kary,Male,1156
298,299,Tammi,Female,2636
299,300,Filippa,Male,1895
300,301,Faye,Female,507
301,302,Ailsun,Female,574
302,303,Anni,Female,1392
303,304,Bert,Male,245
304,305,Tiphany,Female,455
305,306,Roarke,Female,653
306,307,Jaynell,Male,663
307,308,Saundra,Male,403
308,309,Frederico,Female,1498
309,310,Hedvige,Male,1724
310,311,Yolande,Male,1073
311,312,Leanor,Female,270
312,313,Sofia,Non-binary,303
313,314,Nancey,Male,1933
314,315,Mattie,Female,1228
315,316,Katlin,Female,185
316,317,Zackariah,Male,1844
317,318,Meta,Male,1867
318,319,Neils,Male,298
319,320,Loree,Male,1202
320,321,Celine,Male,632
321,322,Bryna,Female,1608
322,323,Darby,Female,659
323,324,Kriste,Male,934
324,325,Rozalie,Male,1036
325,326,Grannie,Female,1412
326,327,Saree,Male,1786
327,328,Hamilton,Agender,701
328,329,Kris,Male,1164
329,330,Nero,Male,1971
330,331,Lezley,Genderqueer,620
331,332,Cammie,Male,1919
332,333,Neal,Female,1707
333,334,Hamel,Female,1106
334,335,Agatha,Male,316
335,336,Lorna,Non-binary,1766
336,337,Bale,Non-binary,538
337,338,Brianna,Male,323
338,339,Phaidra,Female,742
339,340,Cordelia,Female,918
340,341,Molli,Agender,1437
341,342,Caroline,Male,1061
342,343,Miguelita,Male,665
343,344,Gael,Female,1360
344,345,Vikky,Female,1570
345,346,Nikolos,Male,71
346,347,Emory,Male,1195
347,348,Faythe,Male,1983
348,349,Sayers,Male,886
349,350,Marthe,Female,824
350,351,Ayn,Female,775
351,352,Orren,Male,394
352,353,Fianna,Female,362
353,354,Gweneth,Male,1141
354,355,Misty,Female,2868
355,356,Bernice,Female,788
356,357,Jacquelynn,Male,1422
357,358,Lance,Female,1399
358,359,Shurlock,Female,1700
359,360,Shalna,Bigender,1310
360,361,Grissel,Male,701
361,362,Virgie,Female,942
362,363,Ginnifer,Male,111
363,364,Tamarah,Male,1069
364,365,Shannah,Male,1580
365,366,Cherida,Female,723
366,367,Lynnell,Male,344
367,368,Camala,Female,694
368,369,Jemima,Female,911
369,370,Freddie,Female,1956
370,371,Kimberley,Male,219
371,372,Meggie,Male,2863
372,373,Clement,Male,1304
373,374,Suzanna,Male,824
374,375,Janeen,Female,679
375,376,Gill,Female,180
376,377,Madelaine,Male,399
377,378,Cortie,Female,104
378,379,Anne-marie,Female,1959
379,380,Klemens,Female,864
380,381,Devi,Male,2978
381,382,Dora,Female,226
382,383,Jefferson,Male,1425
383,384,Teddy,Male,1674
384,385,Dianne,Male,630
385,386,Charlotta,Male,787
386,387,Thom,Bigender,1722
387,388,Steffie,Female,1798
388,389,Alvinia,Male,1302
389,390,Kelsey,Male,1417
390,391,Sharona,Male,597
391,392,Othella,Male,142
392,393,Claudianus,Male,1612
393,394,Casey,Female,89
394,395,Brien,Genderfluid,479
395,396,Addi,Male,60
396,397,Adolpho,Non-binary,408
397,398,Melisenda,Male,1878
398,399,Dianne,Female,1296
399,400,Ad,Genderfluid,1376
400,401,Drusi,Female,372
401,402,Karita,Female,196
402,403,Barris,Female,2877
403,404,Karalynn,Female,930
404,405,Bethany,Female,1745
405,406,Wendel,Female,393
406,407,Farrel,Agender,821
407,408,Clovis,Male,412
408,409,Ceil,Female,706
409,410,Cristy,Agender,1303
410,411,Elsi,Male,114
411,412,Ursuline,Polygender,1450
412,413,Sallee,Female,1340
413,414,Selene,Male,967
414,415,Graham,Male,2960
415,416,Teddie,Female,1423
416,417,Merola,Female,945
417,418,Berte,Female,639
418,419,Tiffanie,Male,468
419,420,Tiphani,Female,10
420,421,Cheryl,Male,1281
421,422,Stacy,Female,1478
422,423,Reed,Female,1369
423,424,Ardys,Male,2828
424,425,Hartwell,Male,80
425,426,Georgianne,Male,532
426,427,Beth,Female,1130
427,428,Cobbie,Female,411
428,429,Estel,Male,1647
429,430,Seamus,Female,1976
430,431,Evania,Female,1800
431,432,Emery,Female,1763
432,433,Michel,Male,59
433,434,Savina,Female,1918
434,435,Nathalia,Female,159
435,436,Rianon,Female,1365
436,437,Teddy,Male,867
437,438,Reynolds,Male,404
438,439,Sammy,Male,459
439,440,Prisca,Male,2808
440,441,Boony,Genderfluid,1599
441,442,Marten,Female,448
442,443,Odele,Genderfluid,1995
443,444,Joseph,Female,1095
444,445,Horten,Male,1335
445,446,Wakefield,Male,1378
446,447,Gertruda,Male,883
447,448,Clarisse,Female,2577
448,449,Wynny,Male,1647
449,450,Kathryn,Male,468
450,451,Otho,Male,2621
451,452,Page,Male,250
452,453,Nelia,Male,5
453,454,Elisa,Female,698
454,455,Gifford,Male,475
455,456,Sebastian,Male,1697
456,457,Rebekkah,Female,1119
457,458,Gene,Female,1566
458,459,Pauline,Female,903
459,460,Lenard,Female,1888
460,461,Amabelle,Male,1965
461,462,Marney,Female,1966
462,463,Emmit,Male,717
463,464,Horatius,Female,52
464,465,Denna,Male,606
465,466,Urbain,Male,226
466,467,Rancell,Female,1731
467,468,Arv,Female,1467
468,469,Terri-jo,Male,1956
469,470,Jenica,Male,405
470,471,Arie,Female,2590
471,472,Archambault,Male,1355
472,473,Pat,Female,1142
473,474,Dorolisa,Female,895
474,475,Cynthia,Female,366
475,476,Larissa,Female,4
476,477,Lemmy,Female,901
477,478,Felipa,Bigender,1674
478,479,Abagail,Genderqueer,1927
479,480,Bale,Female,466
480,481,Dael,Polygender,245
481,482,Agathe,Female,1718
482,483,Alyssa,Female,774
483,484,Corrinne,Female,2703
484,485,Jedidiah,Female,1252
485,486,Brade,Male,81
486,487,Alexa,Polygender,420
487,488,Panchito,Female,1383
488,489,Baxter,Male,1344
489,490,Ilsa,Male,710
490,491,Agnes,Polygender,1240
491,492,Gilligan,Female,202
492,493,Jenda,Male,422
493,494,Tore,Genderqueer,1457
494,495,Adara,Female,669
495,496,Rosette,Female,1140
496,497,Marcelia,Male,1624
497,498,Enrico,Female,706
498,499,Micah,Female,1531
499,500,Prisca,Female,1762
500,501,Anthe,Male,471
501,502,Adham,Female,2632
502,503,Wilfred,Female,1029
503,504,Joanie,Male,2812
504,505,Sada,Genderfluid,1178
505,506,Berke,Male,1139
506,507,Niel,Female,67
507,508,Hester,Male,438
508,509,Orin,Male,72
509,510,Gui,Female,1676
510,511,Mallorie,Male,1943
511,512,Demeter,Female,1626
512,513,Charil,Male,150
513,514,Hollie,Male,1710
514,515,Denice,Female,899
515,516,Emili,Female,1465
516,517,Alfie,Female,905
517,518,Mureil,Female,1867
518,519,Delly,Female,2584
519,520,Lorianne,Female,1411
520,521,Pancho,Male,641
521,522,Brose,Male,10
522,523,Kingsley,Female,1327
523,524,Zora,Female,941
524,525,Alayne,Male,1819
525,526,Adrien,Genderqueer,1977
526,527,Arnuad,Female,2975
527,528,Donnie,Female,2846
528,529,Jannel,Male,1514
529,530,Fernanda,Female,1796
530,531,Ben,Bigender,442
531,532,Eustacia,Female,1570
532,533,Ranee,Polygender,700
533,534,Shelden,Genderfluid,2541
534,535,Marty,Female,944
535,536,Tabbitha,Male,1558
536,537,Bridgette,Female,995
537,538,Liam,Male,1773
538,539,Janenna,Female,692
539,540,Susan,Male,5168
540,541,Karlyn,Female,1223
541,542,Minne,Female,2570
542,543,Jyoti,Male,70
543,544,Jenna,Female,1226
544,545,Cale,Male,1410
545,546,Benedicta,Female,2837
546,547,Jemima,Female,387
547,548,Georgena,Female,1871
548,549,Karoly,Bigender,799
549,550,Jenilee,Male,1718
550,551,Aubrey,Female,739
551,552,Averill,Male,610
552,553,Kikelia,Male,1535
553,554,Ermengarde,Male,384
554,555,Corilla,Male,1729
555,556,Bethanne,Male,1471
556,557,Darrick,Female,1944
557,558,Bess,Male,1017
558,559,Shari,Agender,1552
559,560,Don,Female,168
560,561,Germana,Male,488
561,562,Thadeus,Female,1820
562,563,Alane,Female,549
563,564,Darcy,Male,79
564,565,Cary,Female,732
565,566,Kennith,Female,952
566,567,Zeb,Male,2634
567,568,Camille,Male,1274
568,569,Galina,Female,1744
569,570,Cloris,Male,1115
570,571,Tann,Genderqueer,741
571,572,Helen-elizabeth,Female,928
572,573,Darline,Female,1889
573,574,Vivian,Male,55
574,575,Tabitha,Female,2709
575,576,Sadella,Male,1830
576,577,Jada,Male,1820
577,578,Bryana,Male,994
578,579,Elisabet,Male,53
579,580,Rosanna,Genderqueer,1709
580,581,Stevena,Female,283
581,582,Jere,Male,1087
582,583,Jan,Female,383
583,584,Irma,Male,369
584,585,Orrin,Female,1983
585,586,Rolland,Female,1051
586,587,Pinchas,Male,1612
587,588,Margret,Female,1959
588,589,Fianna,Female,2915
589,590,Drusie,Female,447
590,591,Austine,Female,67
591,592,Katherine,Male,200
592,593,Gareth,Female,1480
593,594,Conant,Female,1552
594,595,Eachelle,Bigender,1384
595,596,Damian,Female,653
596,597,Trix,Male,1560
597,598,Yulma,Non-binary,903
598,599,Man,Male,1930
599,600,Natalie,Male,1944
600,601,Conway,Female,442
601,602,Alessandra,Male,164
602,603,Yorker,Female,1460
603,604,Wallache,Male,1072
604,605,Corey,Female,1655
605,606,Babb,Female,442
606,607,Chris,Male,5388
607,608,Celka,Agender,2902
608,609,Nobie,Male,1546
609,610,Cacilie,Female,2978
610,611,Merwin,Female,1785
611,612,Darb,Female,54
612,613,Kendall,Female,1674
613,614,Thane,Female,2774
614,615,Shea,Male,1600
615,616,Sammie,Female,1625
616,617,Bride,Female,930
617,618,Joelle,Male,5298
618,619,Hakeem,Non-binary,1236
619,620,Rainer,Female,194
620,621,Latashia,Male,208
621,622,Dotti,Female,1954
622,623,Jamesy,Female,189
623,624,Gan,Female,694
624,625,Maximilien,Female,2834
625,626,Selena,Bigender,1755
626,627,Marlane,Female,1516
627,628,Stacy,Male,1092
628,629,Georgette,Female,1571
629,630,Burch,Male,278
630,631,Rori,Female,1158
631,632,Josh,Male,1605
632,633,Avrit,Female,2939
633,634,Violet,Male,1377
634,635,Zia,Genderfluid,90
635,636,Filmore,Female,1324
636,637,Carly,Male,710
637,638,Libbey,Female,1874
638,639,Ralf,Male,2625
639,640,Elenore,Male,2526
640,641,Elberta,Female,914
641,642,Meara,Female,1824
642,643,Norah,Male,1847
643,644,Sam,Male,884
644,645,Red,Male,1011
645,646,Morgen,Male,952
646,647,Sianna,Male,666
647,648,Kalvin,Male,1061
648,649,Cleon,Male,1102
649,650,Silvie,Male,1358
650,651,Daryn,Female,2966
651,652,Antonina,Genderqueer,592
652,653,Bernardina,Female,124
653,654,Verne,Female,1807
654,655,Matelda,Female,421
655,656,Stella,Female,800
656,657,Liza,Female,549
657,658,Tabor,Female,1208
658,659,Sybila,Genderqueer,564
659,660,Travers,Female,608
660,661,Vin,Male,1739
661,662,Marabel,Male,1501
662,663,Alaster,Female,1600
663,664,Ulla,Female,1822
664,665,Darcee,Female,634
665,666,Kinsley,Male,1691
666,667,Ronna,Female,839
667,668,Cedric,Male,1956
668,669,Delora,Female,1918
669,670,Conant,Female,1858
670,671,Mitzi,Female,2805
671,672,Elene,Agender,1905
672,673,Devin,Male,768
673,674,Vere,Male,866
674,675,Elli,Genderfluid,349
675,676,Shawnee,Female,2640
676,677,Silvana,Female,329
677,678,Jareb,Female,1391
678,679,Freemon,Male,1856
679,680,Malchy,Female,449
680,681,Dominique,Male,560
681,682,Corby,Male,1846
682,683,Auberta,Female,662
683,684,Kimberli,Male,1966
684,685,Abbott,Female,350
685,686,Claire,Female,954
686,687,Hedwig,Agender,785
687,688,Myranda,Male,427
688,689,Far,Male,542
689,690,Bern,Male,1753
690,691,Peria,Male,1583
691,692,Constancy,Male,647
692,693,Simeon,Female,1273
693,694,Tadeo,Male,1448
694,695,Traver,Female,1841
695,696,Katinka,Male,567
696,697,Juan,Male,1106
697,698,Nollie,Male,614
698,699,Sim,Male,1858
699,700,Allis,Male,2643
700,701,Elfrida,Female,1609
701,702,Ardyce,Female,1827
702,703,Janie,Female,2557
703,704,Wallis,Female,2733
704,705,Reinhard,Female,1751
705,706,Allistir,Female,2968
706,707,Hana,Male,512
707,708,Ebba,Agender,167
708,709,Minda,Male,1475
709,710,Anna,Female,820
710,711,Ashely,Male,884
711,712,Blisse,Male,348
712,713,Shae,Male,1588
713,714,Reggi,Female,974
714,715,Judon,Female,659
715,716,Iorgos,Male,1756
716,717,Alexander,Male,867
717,718,Tobi,Female,1570
718,719,Ignacius,Female,1249
719,720,Gilda,Female,885
720,721,Arvie,Male,692
721,722,Mart,Female,5877
722,723,Corri,Female,1731
723,724,Marlow,Female,490
724,725,Dorolisa,Male,1321
725,726,Blisse,Male,1329
726,727,Colette,Male,378
727,728,Winnah,Male,1411
728,729,Bertie,Male,1438
729,730,Tanitansy,Female,351
730,731,Ximenes,Female,586
731,732,Atlante,Female,1615
732,733,Xena,Male,2860
733,734,Lynnelle,Male,888
734,735,Grete,Male,1378
735,736,Harriett,Agender,375
736,737,Ancell,Female,1062
737,738,Yul,Female,1576
738,739,Aldridge,Male,1200
739,740,Natalee,Male,208
740,741,Dorette,Female,498
741,742,Bree,Male,921
742,743,Winona,Male,101
743,744,Dorie,Male,578
744,745,Turner,Female,1979
745,746,Emelen,Female,1588
746,747,Townie,Female,1162
747,748,Abbot,Bigender,930
748,749,Odella,Male,60
749,750,Caresa,Male,1823
750,751,Beniamino,Male,151
751,752,Dasha,Female,301
752,753,Sully,Male,69
753,754,Beverlee,Female,1417
754,755,Serene,Female,249
755,756,Davie,Male,3
756,757,Amabelle,Male,838
757,758,Adrianna,Female,2629
758,759,Myrwyn,Female,1949
759,760,Antoni,Male,243
760,761,Kelcey,Female,972
761,762,Danie,Female,1572
762,763,Edithe,Male,1093
763,764,Magda,Male,631
764,765,Eduard,Female,1986
765,766,Louisette,Female,2517
766,767,Ottilie,Male,1524
767,768,Hayes,Male,1504
768,769,Gertrud,Male,688
769,770,Lisabeth,Male,2919
770,771,Irene,Agender,203
771,772,Carlyn,Female,1712
772,773,Alissa,Male,146
773,774,Aggie,Male,1762
774,775,Flin,Bigender,1158
775,776,Wini,Female,1963
776,777,Marjory,Male,1068
777,778,Gnni,Female,349
778,779,Lauryn,Male,1693
779,780,Desi,Female,2972
780,781,Eamon,Female,80
781,782,Jeremiah,Genderfluid,1262
782,783,Annissa,Female,1304
783,784,Rose,Female,705
784,785,Elga,Polygender,613
785,786,Lillian,Male,703
786,787,Kermie,Male,1447
787,788,Etheline,Female,502
788,789,Klement,Genderqueer,2582
789,790,Norman,Female,706
790,791,Diena,Female,159
791,792,Jade,Male,1278
792,793,Ranice,Male,58
793,794,Aleta,Female,1106
794,795,Malchy,Female,369
795,796,Sacha,Male,523
796,797,Jillie,Female,867
797,798,Henri,Male,410
798,799,Erie,Male,370
799,800,Tybie,Female,67
800,801,Grace,Male,5238
801,802,Tally,Female,1565
802,803,Valida,Female,566
803,804,Laney,Male,377
804,805,Jilli,Male,1300
805,806,Zackariah,Female,71
806,807,Giustino,Non-binary,211
807,808,Gifford,Male,855
808,809,Randi,Female,578
809,810,Melba,Female,733
810,811,Sue,Male,1233
811,812,Kakalina,Polygender,307
812,813,Hyacinth,Male,2819
813,814,Onofredo,Agender,1306
814,815,Rustin,Male,113
815,816,Leonardo,Male,1172
816,817,Garrett,Female,834
817,818,Luz,Polygender,1801
818,819,Clay,Male,1469
819,820,Marlowe,Male,324
820,821,Emmerich,Male,350
821,822,Marshall,Male,2563
822,823,Roch,Male,329
823,824,Ancell,Male,998
824,825,Brit,Female,1999
825,826,Dorie,Female,1805
826,827,Patten,Female,812
827,828,Maude,Male,910
828,829,Cris,Male,458
829,830,Koenraad,Male,1140
830,831,Erasmus,Female,780
831,832,Bradford,Non-binary,1735
832,833,Janessa,Male,938
833,834,Ferrel,Female,589
834,835,Natividad,Male,1201
835,836,Merrile,Female,117
836,837,Ania,Female,362
837,838,Sonnie,Female,787
838,839,Kordula,Female,377
839,840,Mariana,Male,521
840,841,Bev,Male,349
841,842,Edie,Non-binary,1313
842,843,Derwin,Female,159
843,844,Barbey,Male,1961
844,845,Bernice,Polygender,1427
845,846,Asher,Female,415
846,847,Odelia,Female,1114
847,848,Cally,Male,531
848,849,Pauletta,Female,1090
849,850,Xylina,Male,612
850,851,Federico,Male,83
851,852,Crawford,Non-binary,116
852,853,Calley,Female,255
853,854,Vinnie,Non-binary,1420
854,855,Herculie,Male,591
855,856,Dyanne,Male,630
856,857,Roderich,Genderqueer,2661
857,858,Artus,Male,1766
858,859,Jelene,Female,626
859,860,Merline,Female,1904
860,861,Allayne,Male,648
861,862,Lianna,Female,1340
862,863,Rafael,Female,1646
863,864,Evelyn,Female,182
864,865,Staci,Female,996
865,866,Eugenius,Female,2526
866,867,Nady,Male,872
867,868,Siegfried,Female,380
868,869,Cyb,Female,1011
869,870,Ruben,Bigender,1776
870,871,Walt,Female,2858
871,872,Blythe,Female,1128
872,873,Josepha,Male,1590
873,874,Andria,Male,1125
874,875,Lloyd,Female,1222
875,876,Coleman,Male,1767
876,877,Alverta,Non-binary,579
877,878,Brade,Female,1020
878,879,Timothea,Male,7
879,880,Nelie,Female,1410
880,881,Alessandro,Female,1770
881,882,Rockey,Female,289
882,883,Sabina,Male,356
883,884,Bartram,Female,1213
884,885,Mathew,Female,951
885,886,Ivor,Bigender,50
886,887,Sean,Male,721
887,888,Astra,Female,255
888,889,Christie,Female,364
889,890,Reena,Male,1387
890,891,Zilvia,Male,1220
891,892,Magdalena,Female,412
892,893,Minnaminnie,Female,1209
893,894,Bibbye,Female,854
894,895,Lotte,Male,1921
895,896,Chantal,Female,588
896,897,Marcia,Female,1841
897,898,Selinda,Male,939
898,899,Jazmin,Female,1306
899,900,Adelaida,Male,2936
900,901,Carroll,Female,1369
901,902,Cordelia,Male,896
902,903,Quint,Female,1112
903,904,Ulric,Female,1393
904,905,Ruddie,Male,2633
905,906,Cloris,Female,498
906,907,Hayward,Male,764
907,908,Lissie,Female,1024
908,909,Yolanthe,Male,422
909,910,May,Male,1907
910,911,Rasla,Male,1505
911,912,Martica,Male,1943
912,913,Gilemette,Female,465
913,914,Jacquelyn,Male,1255
914,915,Gnni,Male,444
915,916,Silvano,Male,1369
916,917,Angelique,Female,2571
917,918,Cory,Male,679
918,919,Barbie,Female,731
919,920,Myrvyn,Female,1697
920,921,Charisse,Male,549
921,922,Claudine,Male,678
922,923,Nady,Female,1813
923,924,Samuel,Female,912
924,925,Reed,Female,1970
925,926,Becki,Genderfluid,448
926,927,Dorry,Male,899
927,928,Phaedra,Female,1103
928,929,Happy,Female,1290
929,930,Everard,Male,261
930,931,Aldon,Female,1116
931,932,Roanna,Female,59
932,933,Cordey,Male,222
933,934,Thornie,Male,1675
934,935,Kathleen,Male,647
935,936,Janette,Male,353
936,937,Leo,Male,325
937,938,Suzann,Male,2724
938,939,Dino,Female,266
939,940,Stephenie,Male,613
940,941,Christie,Female,468
941,942,Cesare,Female,1019
942,943,Halette,Male,1957
943,944,Juana,Male,435
944,945,Gunter,Female,1795
945,946,Hunfredo,Female,614
946,947,Shawn,Female,1577
947,948,Janet,Female,762
948,949,Gena,Male,974
949,950,Reider,Female,323
950,951,Hale,Male,5585
951,952,Ethelda,Female,1062
952,953,Jard,Male,1924
953,954,Kirk,Male,1754
954,955,Aurea,Female,156
955,956,Derry,Female,631
956,957,Cristen,Male,360
957,958,Ricki,Male,1508
958,959,Eugenie,Female,1983
959,960,Romy,Male,546
960,961,Imelda,Female,401
961,962,Pier,Male,371
962,963,Patty,Female,1557
963,964,Gilbert,Polygender,752
964,965,Eugine,Male,2903
965,966,Morgun,Male,1632
966,967,Annalee,Female,400
967,968,Millicent,Female,994
968,969,Drusy,Male,954
969,970,Granthem,Female,1009
970,971,Bird,Female,1710
971,972,Brynna,Male,1451
972,973,Padgett,Female,248
973,974,Giraldo,Polygender,866
974,975,Jacquie,Male,1262
975,976,Gilda,Male,1291
976,977,Patin,Male,1306
977,978,Rosa,Male,478
978,979,Denice,Male,801
979,980,Tildy,Female,1799
980,981,Kamilah,Female,394
981,982,Vere,Male,510
982,983,Emanuele,Male,590
983,984,Yves,Female,1434
984,985,Carlina,Female,1733
985,986,Koo,Female,1468
986,987,Borg,Female,1198
987,988,Rayna,Male,1935
988,989,Adey,Female,72
989,990,Dacey,Bigender,1523
990,991,Bernadene,Female,723
991,992,Eustacia,Female,2603
992,993,Abigale,Male,1503
993,10,10,10,10
994,995,Gypsy,Male,2673
995,996,Leela,Male,194
996,997,Selby,Genderfluid,807
997,998,Christal,Polygender,1566
998,999,Selene,Female,1557
999,1000,Saxe,Polygender,1764
